Date,actual,yhat,sigma
2019-04-03,48.837502,48.57874616,3.649384115
2019-04-04,48.922501000000004,48.89489366,3.649167098
2019-04-05,49.25,49.04567023,3.64906025
2019-04-08,50.025002,49.30083827,3.649095303
2019-04-09,49.875,50.03011176,3.649535868
2019-04-10,50.154999,50.01505566,3.649499842
2019-04-11,49.737499,50.20665098,3.649050027
2019-04-12,49.717499,49.94381187,3.649235032
2019-04-15,49.807499,49.85757421,3.6492892039999996
2019-04-16,49.8125,49.86771721,3.6491873060000004
2019-04-17,50.782501,49.99129391,3.648829801
2019-04-18,50.965,50.72419698,3.64942093
2019-04-22,51.1325,51.13067044,3.6494685760000003
2019-04-23,51.869999,51.24793276,3.6491905310000003
2019-04-24,51.790001000000004,51.85654518,3.64956437
2019-04-25,51.32,51.99416442,3.649559159
2019-04-26,51.075001,51.46607732,3.650026962
2019-04-29,51.1525,51.22443101,3.649415639
2019-04-30,50.1675,51.30007131,3.649421143
2019-05-01,52.630001,50.44333877,3.650730023
2019-05-02,52.287498,52.32568332,3.654772308
2019-05-03,52.9375,52.58980391,3.6545822310000005
2019-05-06,52.119999,52.98995571,3.6544180460000004
2019-05-07,50.715,52.3182901,3.655008703
2019-05-08,50.724998,51.24747069,3.657404684
2019-05-09,50.18,50.62749791,3.657286679
2019-05-10,49.294998,50.50816668,3.6528650000000003
2019-05-13,46.43,49.54398257,3.654206121
2019-05-14,47.165001000000004,47.06630935,3.663717705
2019-05-15,47.73,47.24340943,3.662591959
2019-05-16,47.52,47.82788815,3.660215688
2019-05-17,47.25,47.79724518,3.660298572
2019-05-20,45.772498999999996,47.37401439,3.660099829
2019-05-21,46.650002,46.38795967,3.6599766089999997
2019-05-22,45.695,46.57269226,3.652279652
2019-05-23,44.915001000000004,45.99121338,3.652769503
2019-05-24,44.7425,45.20316332,3.653762853
2019-05-28,44.557499,44.8436189,3.653866165
2019-05-29,44.345001,44.89794837,3.6534109310000003
2019-05-30,44.575001,44.43606233,3.651646773
2019-05-31,43.767502,44.71686502,3.6512579830000003
2019-06-03,43.325001,44.10608436,3.6504840410000003
2019-06-04,44.91,43.5242093,3.650231336
2019-06-05,45.634997999999996,44.76681936,3.652087447
2019-06-06,46.305,45.73327743,3.65269306
2019-06-07,47.537498,46.29208684,3.652973663
2019-06-10,48.145,47.46921755,3.654539133
2019-06-11,48.702498999999996,48.26603442,3.6539279319999998
2019-06-12,48.547501000000004,48.63061204,3.6540716810000005
2019-06-13,48.537498,48.65239342,3.651567573
2019-06-14,48.185001,48.64291072,3.651069268
2019-06-17,48.4725,48.29823435,3.65077844
2019-06-18,49.612499,48.53261111,3.649294445
2019-06-19,49.467499,49.52091313,3.65002458
2019-06-20,49.865002000000004,49.68104443,3.64990528
2019-06-21,49.695,49.90421132,3.649894045
2019-06-24,49.645,49.88203902,3.6498825619999997
2019-06-25,48.892502,49.80965497,3.64973309
2019-06-26,49.950001,49.06269436,3.650495349
2019-06-27,49.935001,49.92308228,3.6501015789999998
2019-06-28,49.48,50.08029978,3.6500429189999997
2019-07-01,50.387501,49.72388571,3.6503506239999997
2019-07-02,50.682499,50.31185098,3.6507596330000003
2019-07-03,51.102501000000004,50.89661183,3.6507443210000003
2019-07-05,51.057499,51.1050387,3.650374535
2019-07-08,50.005001,51.1774551,3.649478829
2019-07-09,50.310001,50.38340686,3.650732722
2019-07-10,50.807499,50.30656936,3.650595995
2019-07-11,50.4375,50.87905286,3.65020129
2019-07-12,50.825001,50.65298937,3.650401303
2019-07-15,51.302502000000004,50.84880561,3.650286064
2019-07-16,51.125,51.45573185,3.650360524
2019-07-17,50.837502,51.31383052,3.6490873919999998
2019-07-18,51.415001000000004,50.96250122,3.649235735
2019-07-19,50.647498999999996,51.48459488,3.649318608
2019-07-22,51.805,50.93527005,3.649737791
2019-07-23,52.209998999999996,51.693869899999996,3.650256815
2019-07-24,52.1675,52.31095562,3.650430014
2019-07-25,51.755001,52.38440159,3.650311695
2019-07-26,51.935001,51.86539606,3.650609035
2019-07-29,52.419998,52.12884486,3.6505187610000003
2019-07-30,52.195,52.42063062,3.650126826
2019-07-31,53.259997999999996,52.37244081,3.649071414
2019-08-01,52.107498,53.19961421,3.649701033
2019-08-02,51.005001,52.50741903,3.6507280960000004
2019-08-05,48.334998999999996,51.31421859,3.652664262
2019-08-06,49.25,48.85222566,3.6614267060000003
2019-08-07,49.759997999999996,49.2718326,3.661428818
2019-08-08,50.857498,49.77926831,3.661678013
2019-08-09,50.247501,50.9443932,3.662143269
2019-08-12,50.119999,50.48569689,3.660511138
2019-08-13,52.2425,50.48001047,3.6578861560000004
2019-08-14,50.6875,51.94114798,3.6546120560000004
2019-08-15,50.435001,51.17042284,3.655873493
2019-08-16,51.625,50.46407713,3.655923628
2019-08-19,52.587502,51.55715562,3.6564192010000003
2019-08-20,52.59,52.72740941,3.656787725
2019-08-21,53.16,52.54155928,3.6568559819999997
2019-08-22,53.115002000000004,53.27631469,3.6539642260000003
2019-08-23,50.66,53.31788397,3.6507482430000002
2019-08-26,51.622501,51.16712025,3.6576675219999997
2019-08-27,51.040001000000004,51.45674038,3.655928822
2019-08-28,51.3825,51.3584465,3.65571286
2019-08-29,52.252499,51.47383441,3.655778998
2019-08-30,52.185001,52.15749884,3.656081925
2019-09-03,51.424999,52.59920563,3.6556165430000003
2019-09-04,52.297501000000004,51.59027902,3.6510291539999997
2019-09-05,53.32,52.30862291,3.650865047
2019-09-06,53.314999,53.32748419,3.651419527
2019-09-09,53.5425,53.43502825,3.65135445
2019-09-10,54.174999,53.59718178,3.650708658
2019-09-11,55.897498999999996,54.28078359,3.6509404639999996
2019-09-12,55.772498999999996,55.73478167,3.6530659539999997
2019-09-13,54.6875,55.89873323,3.6523630519999997
2019-09-16,54.974998,54.99788311,3.653063786
2019-09-17,55.174999,55.00950957,3.653067563
2019-09-18,55.692501,55.32804894,3.65311674
2019-09-19,55.240002000000004,55.65704111,3.6526733339999997
2019-09-20,54.432499,55.44889169,3.650437872
2019-09-23,54.68,54.79748272,3.651204532
2019-09-24,54.419998,54.74755955,3.649870162
2019-09-25,55.2575,54.64971675,3.6499912880000003
2019-09-26,54.9725,55.22808521,3.650315366
2019-09-27,54.705002,55.19974593,3.6503092980000003
2019-09-30,55.9925,54.96790784,3.649996638
2019-10-01,56.147498999999996,55.87053539,3.650385439
2019-10-02,54.740002000000004,56.36742241,3.650467941
2019-10-03,55.205002,55.06314578,3.6530215719999997
2019-10-04,56.752499,55.22035541,3.652484781
2019-10-07,56.764998999999996,56.72800006,3.654566416
2019-10-08,56.099998,56.90091912,3.654629555
2019-10-09,56.7575,56.28336298,3.653766361
2019-10-10,57.522498999999996,56.86400163,3.6540193789999997
2019-10-11,59.052502000000004,57.58887539,3.6521208360000004
2019-10-14,58.967499,58.86240593,3.653817077
2019-10-15,58.830002,59.12999179,3.651882345
2019-10-16,58.592499,59.04843677,3.651916716
2019-10-17,58.82,58.72486953,3.6515816439999997
2019-10-18,59.102501000000004,58.93555595,3.65125145
2019-10-21,60.127499,59.10986467,3.6505603310000003
2019-10-22,59.990002000000004,60.12837684,3.6495196689999996
2019-10-23,60.794998,60.19624726,3.6494464680000003
2019-10-24,60.895,60.82538279,3.6497322110000003
2019-10-25,61.645,61.02750165,3.649582943
2019-10-28,62.262501,61.69425251,3.649937528
2019-10-29,60.822497999999996,62.235448899999994,3.650154068
2019-10-30,60.814999,61.28133670000001,3.651648989
2019-10-31,62.189999,60.86375272,3.651855137
2019-11-01,63.955002,62.13697083,3.6531053989999998
2019-11-04,64.375,63.86036431,3.6564140839999997
2019-11-05,64.282501,64.40727726,3.656133585
2019-11-06,64.309998,64.53263822,3.656113346
2019-11-07,64.85749799999999,64.46820577,3.653512365
2019-11-08,65.035004,64.88232879,3.6536982460000003
2019-11-11,65.550003,65.07549318,3.651589813
2019-11-12,65.489998,65.60041818,3.6488608589999996
2019-11-13,66.1175,65.68007981,3.648826974
2019-11-14,65.660004,66.19147075,3.648962745
2019-11-15,66.440002,65.88204123,3.6492476139999996
2019-11-18,66.775002,66.47220071,3.649328819
2019-11-19,66.572502,66.86070683,3.6494222589999996
2019-11-20,65.797501,66.82619495,3.649437578
2019-11-21,65.502502,66.01625088,3.6504687789999997
2019-11-22,65.445,65.76757438,3.65061061
2019-11-25,66.592499,65.59263882,3.650450812
2019-11-26,66.072502,66.56581943,3.650923668
2019-11-27,66.959999,66.36757117,3.6511801860000004
2019-11-29,66.8125,67.01276429,3.651367595
2019-12-02,66.040001,67.03198016,3.650266204
2019-12-03,64.862503,66.39854562,3.65094667
2019-12-04,65.434998,65.09665233,3.6532932010000003
2019-12-05,66.394997,65.56882277,3.652587946
2019-12-06,67.677498,66.38460665,3.653006599
2019-12-09,66.730003,67.67288592,3.654080448
2019-12-10,67.120003,67.09677494,3.654688811
2019-12-11,67.692497,67.27802773,3.6535662089999996
2019-12-12,67.864998,67.74585627,3.652065506
2019-12-13,68.787498,68.02470819,3.651918637
2019-12-16,69.964996,68.66828168,3.651263077
2019-12-17,70.102501,70.03551323,3.651949108
2019-12-18,69.934998,70.26752434,3.650762798
2019-12-19,70.004997,70.07633831,3.650769477
2019-12-20,69.860001,70.15808841,3.6506031830000003
2019-12-23,71.0,70.04123092,3.6507316480000003
2019-12-24,71.067497,70.90706287,3.6506312189999996
2019-12-26,72.477501,71.25553139,3.6497370030000003
2019-12-27,72.449997,72.4333,3.651202508
2019-12-30,72.879997,72.63554983,3.6510466719999997
2019-12-31,73.412498,73.02988067,3.65109011
2020-01-02,75.087502,73.39860282,3.651227881
2020-01-03,74.35749799999999,75.04510823,3.652996342
2020-01-06,74.949997,74.59292251,3.653557047
2020-01-07,74.597504,75.01032474,3.6519317989999998
2020-01-08,75.797501,74.81389033,3.65204765
2020-01-09,77.407501,75.81132235,3.6528969239999998
2020-01-10,77.582497,77.19271463,3.654949022
2020-01-13,79.239998,77.86574428,3.653403263
2020-01-14,78.16999799999999,79.05239553,3.65483403
2020-01-15,77.834999,78.61731551,3.6555806619999998
2020-01-16,78.809998,78.01182805,3.656106929
2020-01-17,79.682503,78.68536196,3.654988344
2020-01-21,79.14250200000001,79.83958375,3.654167052
2020-01-22,79.425003,79.30051682,3.654716399
2020-01-23,79.807503,79.60327116,3.652941111
2020-01-24,79.577499,79.99500234,3.651047772
2020-01-27,77.237503,79.80246563,3.6511048269999997
2020-01-28,79.422501,77.74548855,3.65709293
2020-01-29,81.084999,79.23853083,3.659261555
2020-01-30,80.967499,81.08229693,3.662049268
2020-01-31,77.377502,81.24536369,3.662205215
2020-02-03,77.165001,78.05883014,3.6769071280000003
2020-02-04,79.712502,77.52678128,3.677141297
2020-02-05,80.362503,79.40614004,3.6771760330000003
2020-02-06,81.302498,80.49610334,3.673912973
2020-02-07,80.0075,81.23199081,3.671804285
2020-02-10,80.387497,80.64812409,3.6723056069999997
2020-02-11,79.902496,80.57361429999999,3.6576028419999997
2020-02-12,81.800003,80.0189554,3.6581830980000003
2020-02-13,81.217499,81.68787408,3.654793684
2020-02-14,81.237503,81.45359466,3.6548436910000004
2020-02-18,79.75,81.53722945,3.6545850939999998
2020-02-19,80.904999,80.12332213,3.655288099
2020-02-20,80.074997,80.99888628,3.6558718839999997
2020-02-21,78.262497,80.30744596,3.6566042960000003
2020-02-24,74.54499799999999,78.84070105,3.658601673
2020-02-25,72.019997,75.27172322,3.67577132
2020-02-26,73.162498,72.76366809,3.685731853
2020-02-27,68.379997,73.08003733,3.683814103
2020-02-28,68.339996,69.56441383,3.70566555
2020-03-02,74.702499,68.49671869,3.70600038
2020-03-03,72.33000200000001,74.01169041,3.7386186269999997
2020-03-04,75.684998,73.45555426,3.718038307
2020-03-05,73.230003,74.92782678,3.719581663
2020-03-06,72.2575,74.13149052,3.7227245439999996
2020-03-09,66.542503,72.81180122,3.700307435
2020-03-10,71.334999,67.05805663,3.7386385960000004
2020-03-11,68.85749799999999,70.93763535,3.7191119280000002
2020-03-12,62.057499,69.3393582,3.71787488
2020-03-13,69.4925,63.62461019,3.763437689
2020-03-16,60.552502000000004,67.99720792,3.794112305
2020-03-17,63.215,63.19483563,3.8348190260000004
2020-03-18,61.6675,62.38712477,3.817163049
2020-03-19,61.195,62.00993433,3.8026901389999996
2020-03-20,57.310001,62.41402299,3.786970278
2020-03-23,56.092499,57.20651059,3.780562
2020-03-24,61.720001,57.19610204,3.751111842
2020-03-25,61.380001,60.68520008,3.703025249
2020-03-26,64.610001,61.96910102,3.700079756
2020-03-27,61.935001,64.09408941,3.705350045
2020-03-30,63.702498999999996,62.73815052,3.707855823
2020-03-31,63.572497999999996,63.76275419,3.6918862089999998
2020-04-01,60.227501000000004,63.30309424,3.69189311
2020-04-02,61.232498,61.16698919,3.675613994
2020-04-03,60.352501000000004,60.76209932,3.675495633
2020-04-06,65.6175,61.00113147,3.670275231
2020-04-07,64.85749799999999,64.80758067,3.6866598130000003
2020-04-08,66.51750200000001,65.16545231,3.684697528
2020-04-09,66.997498,66.64689576,3.6862236939999997
2020-04-13,68.3125,66.87971338,3.6754692330000003
2020-04-14,71.762497,68.52638547,3.677079845
2020-04-15,71.10749799999999,70.90161508,3.687439344
2020-04-16,71.672501,71.57566407,3.66468452
2020-04-17,70.699997,71.5617181,3.664462431
2020-04-20,69.23249799999999,70.98420948,3.663111507
2020-04-21,67.092499,69.68004098,3.6661727930000003
2020-04-22,69.025002,67.32155653,3.6703764289999996
2020-04-23,68.7575,68.93956151,3.6624197780000003
2020-04-24,70.7425,69.02562636,3.661750514
2020-04-27,70.792503,70.64679313,3.664452484
2020-04-28,69.644997,71.00499238,3.6624864639999997
2020-04-29,71.932503,70.24660356,3.6597372860000004
2020-04-30,73.449997,71.4839581,3.6594330960000003
2020-05-01,72.26750200000001,73.53232787,3.6606343089999998
2020-05-04,73.290001,72.5590813,3.662400636
2020-05-05,74.389999,73.15239345,3.658818335
2020-05-06,75.157501,74.5521839,3.660156049
2020-05-07,75.934998,75.14784698,3.6597709480000002
2020-05-08,77.532501,75.81960018,3.6542919960000004
2020-05-11,78.752502,77.55972954,3.655749838
2020-05-12,77.852501,78.71088384,3.655743406
2020-05-13,76.912498,78.14257616,3.655672575
2020-05-14,77.385002,77.16443737,3.6561334089999997
2020-05-15,76.927498,77.45318238,3.65571605
2020-05-18,78.739998,77.17706127,3.6557004419999997
2020-05-19,78.285004,78.51983168,3.654996785
2020-05-20,79.807503,78.63998931,3.654477069
2020-05-21,79.212502,79.82169344,3.654538581
2020-05-22,79.722504,79.45881099,3.6535420810000003
2020-05-26,79.182503,79.92085258,3.653567021
2020-05-27,79.527496,79.30381393,3.6539809919999997
2020-05-28,79.5625,79.7611229,3.65174669
2020-05-29,79.485001,79.62759345,3.6516614919999997
2020-06-01,80.462502,79.78225955,3.6503210810000004
2020-06-02,80.834999,80.43331521,3.650363392
2020-06-03,81.279999,81.05654474,3.650501363
2020-06-04,80.58000200000001,81.38934557,3.650118945
2020-06-05,82.875,80.88428528,3.650767315
2020-06-08,83.364998,82.69771575,3.654670931
2020-06-09,85.997498,83.48180927,3.6551312210000004
2020-06-10,88.209999,85.75416640000002,3.660292288
2020-06-11,83.974998,87.98157948,3.6661007910000003
2020-06-12,84.699997,85.06712945,3.681870661
2020-06-15,85.747498,84.43401126,3.6819468730000002
2020-06-16,88.019997,85.83708689,3.679702344
2020-06-17,87.897499,87.86583661,3.684388458
2020-06-18,87.932503,87.85315024,3.67633456
2020-06-19,87.43,88.44110754,3.674806242
2020-06-22,89.717499,87.65757408,3.656180888
2020-06-23,91.6325,89.53772408,3.65980433
2020-06-24,90.014999,91.41339141,3.662753303
2020-06-25,91.209999,90.57115241,3.66126686
2020-06-26,88.407501,91.08939720000001,3.6616856689999997
2020-06-29,90.445,89.22711614,3.668339014
2020-06-30,91.199997,90.18186305,3.669887885
2020-07-01,91.027496,91.14495101,3.6656570989999997
2020-07-02,91.027496,91.53175999999999,3.6640000360000005
2020-07-06,93.462502,91.00253897,3.6618810560000004
2020-07-07,93.172501,93.53919913,3.6675774910000003
2020-07-08,95.342499,93.39175335,3.659700059
2020-07-09,95.752502,95.10966524,3.6587685619999997
2020-07-10,95.91999799999999,95.91883927,3.658991794
2020-07-13,95.477501,96.20982518,3.658814014
2020-07-14,97.057503,95.53660379,3.6593827130000003
2020-07-15,97.724998,97.0995471,3.656887121
2020-07-16,96.522499,97.74101555,3.6573949089999997
2020-07-17,96.327499,96.96182121,3.655399917
2020-07-20,98.35749799999999,96.49647067,3.6557395319999997
2020-07-21,97.0,98.32948052,3.6591303410000005
2020-07-22,97.272499,97.46876652,3.660757892
2020-07-23,92.845001,97.33204901,3.658307909
2020-07-24,92.614998,93.89963153,3.678079929
2020-07-27,94.809998,92.91005473,3.6775820219999997
2020-07-28,93.252502,94.50568028,3.6811938160000004
2020-07-29,95.040001,94.05885411,3.681551233
2020-07-30,96.190002,94.7475405,3.681059598
2020-07-31,106.260002,96.55842252,3.6826595280000003
2020-08-03,108.9375,104.9170493,3.75733243
2020-08-04,109.665001,108.6892001,3.772951463
2020-08-05,110.0625,109.90415449999999,3.7703858930000003
2020-08-06,113.902496,109.85768780000001,3.768829458
2020-08-07,111.112503,113.6884791,3.781677629
2020-08-10,112.727501,111.25788370000001,3.785648396
2020-08-11,109.375,112.427012,3.677815983
2020-08-12,113.010002,110.14423719999999,3.6825820489999996
2020-08-13,115.010002,112.74389120000001,3.690119727
2020-08-14,114.907501,114.6339321,3.694856334
2020-08-17,114.60749799999999,115.5816885,3.6862914630000003
2020-08-18,115.5625,114.5753561,3.6801682980000003
2020-08-19,115.707497,115.9956081,3.6807292589999996
2020-08-20,118.275002,115.7868303,3.671144567
2020-08-21,124.370003,117.96553519999999,3.662436128
2020-08-24,125.85749799999999,123.6413952,3.698553338
2020-08-25,124.824997,126.0689436,3.703096876
2020-08-26,126.522499,125.13198,3.704462093
2020-08-27,125.010002,126.3908656,3.705774242
2020-08-28,124.807503,125.59514850000001,3.7080442039999997
2020-08-31,129.03999299999998,124.710074,3.6987726189999997
2020-09-01,134.179993,128.4327288,3.6774476419999997
2020-09-02,131.399994,133.8922693,3.70861261
2020-09-03,120.879997,132.1003007,3.7133068989999996
2020-09-04,120.959999,122.8698985,3.833274598
2020-09-08,112.82,121.03875179999999,3.834087232
2020-09-09,117.32,114.5700642,3.898451913
2020-09-10,113.489998,116.4647449,3.8797399739999996
2020-09-11,112.0,114.49129380000001,3.873706617
2020-09-14,115.360001,113.4462357,3.8563677139999997
2020-09-15,115.540001,114.6576025,3.75551598
2020-09-16,112.129997,116.7753669,3.752052167
2020-09-17,110.339996,112.540448,3.713977208
2020-09-18,106.839996,110.9890226,3.706239503
2020-09-21,110.08000200000001,107.9353871,3.699516969
2020-09-22,111.809998,109.5808551,3.703348825
2020-09-23,107.120003,111.8262402,3.6992682039999996
2020-09-24,108.220001,108.5115638,3.719817388
2020-09-25,112.279999,108.0947018,3.707393702
2020-09-28,114.959999,112.25582920000001,3.717134068
2020-09-29,114.089996,114.8091231,3.714260939
2020-09-30,115.809998,114.2180679,3.703736615
2020-10-01,116.790001,116.021825,3.706013604
2020-10-02,113.019997,116.9306475,3.68202802
2020-10-05,116.5,113.76571750000001,3.6966940630000003
2020-10-06,113.160004,115.7999564,3.682275437
2020-10-07,115.08000200000001,114.24043400000001,3.686651786
2020-10-08,114.970001,114.92808329999998,3.6871634089999996
2020-10-09,116.970001,115.0517607,3.6848900189999996
2020-10-12,124.400002,117.39067069999999,3.6884730739999996
2020-10-13,121.099998,123.02471440000001,3.7277798069999997
2020-10-14,121.190002,122.44370579999999,3.727434302
2020-10-15,120.709999,121.10303400000001,3.720274541
2020-10-16,119.019997,120.9857959,3.71849018
2020-10-19,115.980003,119.790314,3.7228423260000003
2020-10-20,117.510002,116.0821044,3.729878549
2020-10-21,116.870003,117.7527696,3.6879863410000002
2020-10-22,115.75,117.3673733,3.673917453
2020-10-23,115.040001,116.2696779,3.676522138
2020-10-26,115.050003,115.4119949,3.6768974410000004
2020-10-27,116.599998,115.63235379999999,3.669929222
2020-10-28,111.199997,116.5219622,3.66168049
2020-10-29,115.32,112.48469409999998,3.689350474
2020-10-30,108.860001,114.8083168,3.696927019
2020-11-02,108.769997,110.4209041,3.725894607
2020-11-03,110.440002,109.07329080000001,3.728037364
2020-11-04,114.949997,110.0741018,3.729843293
2020-11-05,119.029999,115.2316179,3.7526424510000003
2020-11-06,118.690002,118.1697414,3.745556057
2020-11-09,116.32,119.52581670000001,3.739088378
2020-11-10,115.970001,116.8956085,3.702543608
2020-11-11,119.489998,116.17033570000001,3.703349109
2020-11-12,119.209999,118.99354890000001,3.7098725910000003
2020-11-13,119.260002,119.3851635,3.6891278410000004
2020-11-16,120.300003,119.45607849999999,3.674217006
2020-11-17,119.389999,120.4848142,3.674037839
2020-11-18,118.029999,120.0195185,3.666155165
2020-11-19,118.639999,118.2459585,3.670395216
2020-11-20,117.339996,118.79809679999998,3.660372974
2020-11-23,113.849998,117.9439757,3.6619271369999997
2020-11-24,115.16999799999999,114.63362079999999,3.678592296
2020-11-25,116.029999,115.16598359999999,3.6783246239999996
2020-11-27,116.589996,116.4004973,3.67636995
2020-11-30,119.050003,116.79914640000001,3.674210569
2020-12-01,122.720001,118.8618804,3.6790941360000002
2020-12-02,123.08000200000001,122.71861570000002,3.6892780010000004
2020-12-03,122.940002,123.2879098,3.6760480189999996
2020-12-04,122.25,123.1135051,3.6746800810000004
2020-12-07,123.75,122.59459209999999,3.6751394389999996
2020-12-08,124.379997,123.70328880000001,3.676249082
2020-12-09,121.779999,124.3540388,3.6699841510000004
2020-12-10,123.239998,122.51807409999999,3.666557188
2020-12-11,122.410004,123.1649413,3.667026061
2020-12-14,121.779999,123.00306280000001,3.6668702960000004
2020-12-15,127.879997,122.1374462,3.6680074680000003
2020-12-16,127.809998,126.94752520000002,3.697148503
2020-12-17,128.699997,128.55465049999998,3.697690465
2020-12-18,126.660004,128.6683534,3.691834685
2020-12-21,128.229996,127.20811450000001,3.695110567
2020-12-22,131.880005,128.4683282,3.694436193
2020-12-23,130.96000700000002,131.1309975,3.706260963
2020-12-24,131.970001,131.60162240000002,3.6766271410000004
2020-12-28,136.690002,131.870499,3.676760378
2020-12-29,134.869995,136.3344502,3.6994342110000002
2020-12-30,133.720001,135.6418525,3.695532865
2020-12-31,132.690002,133.8107965,3.695445434
2021-01-04,129.41000400000001,133.1510977,3.6876345610000003
2021-01-05,131.009995,130.4217558,3.699367868
2021-01-06,126.599998,130.60003700000001,3.6973562280000003
2021-01-07,130.919998,127.88276,3.7009127680000002
2021-01-08,132.050003,130.5185305,3.706241078
2021-01-11,128.979996,132.2459021,3.705148045
2021-01-12,128.800003,130.2416141,3.7106730939999997
2021-01-13,130.889999,128.6646284,3.7033165639999996
2021-01-14,128.91000400000001,131.3246704,3.708053842
2021-01-15,127.139999,129.4189668,3.6959386660000004
2021-01-19,127.83000200000001,127.50622279999999,3.683312025
2021-01-20,132.029999,128.1709925,3.683425228
2021-01-21,136.869995,131.79945120000002,3.686635032
2021-01-22,139.070007,136.2751948,3.7119332430000003
2021-01-25,142.919998,139.15932719999998,3.717176138
2021-01-26,143.16000400000001,142.62492749999998,3.725791674
2021-01-27,142.059998,143.4726346,3.721324555
2021-01-28,137.08999599999999,142.3333932,3.72284932
2021-01-29,131.96000700000002,137.84999119999998,3.73188297
2021-02-01,134.139999,133.0269289,3.746408802
2021-02-02,134.990005,133.7720879,3.741302517
2021-02-03,133.940002,135.37085430000002,3.733143223
2021-02-04,137.389999,134.5129811,3.735302982
2021-02-05,136.759995,137.23206430000002,3.7403225239999998
2021-02-08,136.91000400000001,137.7328595,3.697737243
2021-02-09,136.009995,137.0559361,3.672912793
2021-02-10,135.389999,136.3053944,3.6704148439999997
2021-02-11,135.130005,136.01936990000002,3.671312505
2021-02-12,135.369995,135.2108035,3.6716794310000003
2021-02-16,133.190002,135.7382887,3.663327966
2021-02-17,130.83999599999999,133.8791051,3.668477091
2021-02-18,129.71000700000002,131.57118219999998,3.677339245
2021-02-19,129.869995,130.2258155,3.678527692
2021-02-22,126.0,130.2526357,3.677492879
2021-02-23,125.860001,126.9771973,3.694741161
2021-02-24,125.349998,126.22327340000001,3.695833855
2021-02-25,120.989998,125.92377820000002,3.6867956060000004
2021-02-26,121.260002,122.2432098,3.6999515489999997
2021-03-01,127.790001,121.27923100000001,3.699419274
2021-03-02,125.120003,127.32785929999999,3.740263772
2021-03-03,122.059998,126.1617262,3.7233800589999997
2021-03-04,120.129997,122.64214579999998,3.7394950610000004
2021-03-05,121.41999799999999,120.870516,3.743243555
2021-03-08,116.360001,121.76244540000002,3.7202078999999997
2021-03-09,121.089996,117.082773,3.750092163
2021-03-10,119.980003,120.59241740000002,3.726012499
2021-03-11,121.959999,120.7660126,3.710976273
2021-03-12,121.029999,122.17703449999999,3.69994768
2021-03-15,123.989998,121.1396558,3.6970957089999996
2021-03-16,125.57,124.3135717,3.7050312489999997
2021-03-17,124.760002,125.22444540000001,3.6859730760000002
2021-03-18,120.529999,125.38877140000001,3.6697064360000002
2021-03-19,119.989998,121.2566199,3.691224746
2021-03-22,123.389999,120.4153059,3.690686658
2021-03-23,122.540001,122.9880196,3.699065262
2021-03-24,120.089996,123.05126899999999,3.693322395
2021-03-25,120.589996,120.69037079999998,3.700589361
2021-03-26,121.209999,120.95761340000001,3.697824058
2021-03-29,121.389999,121.6204689,3.674104472
2021-03-30,119.900002,121.4506483,3.6746686160000004
2021-03-31,122.150002,120.4200594,3.66881429
2021-04-01,123.0,122.20816,3.669719292
2021-04-05,125.900002,123.20043030000001,3.662378763
2021-04-06,126.209999,125.70082759999998,3.6694109889999997
2021-04-07,127.900002,126.3920416,3.6695918030000003
2021-04-08,130.360001,128.0572041,3.671717658
2021-04-09,133.0,130.0562533,3.6751439739999996
2021-04-12,131.240005,132.9251762,3.6793916319999997
2021-04-13,134.429993,131.6382448,3.681821709
2021-04-14,132.029999,134.0915824,3.6808866160000004
2021-04-15,134.5,132.73826509999998,3.6852958289999997
2021-04-16,134.16000400000001,134.2588708,3.684633073
2021-04-19,134.83999599999999,134.27455690000002,3.678990067
2021-04-20,133.110001,135.3264359,3.6756551269999997
2021-04-21,133.5,133.3575358,3.67784464
2021-04-22,131.940002,133.98600090000002,3.672154632
2021-04-23,134.320007,132.3416899,3.669994448
2021-04-26,134.720001,134.2924227,3.6690560580000002
2021-04-27,134.389999,134.9290621,3.668884175
2021-04-28,133.580002,134.94815680000002,3.6692195460000003
2021-04-29,133.479996,133.8814873,3.666892537
2021-04-30,131.46000700000002,133.9947566,3.666927121
2021-05-03,132.53999299999998,131.9806554,3.67056144
2021-05-04,127.849998,132.6121348,3.666154433
2021-05-05,128.100006,129.0279886,3.6884094739999997
2021-05-06,129.740005,128.3681943,3.688803985
2021-05-07,130.21000700000002,129.7383608,3.689188086
2021-05-10,126.849998,130.81065320000002,3.688690377
2021-05-11,125.910004,127.4905227,3.69886917
2021-05-12,122.769997,126.6176705,3.701484703
2021-05-13,124.970001,123.6569692,3.686835917
2021-05-14,127.449997,124.82232379999999,3.688679144
2021-05-17,126.269997,127.2958477,3.6935324119999997
2021-05-18,124.849998,127.1351251,3.6942251130000003
2021-05-19,124.690002,125.24951589999999,3.685129007
2021-05-20,127.309998,125.2447729,3.681810478
2021-05-21,125.43,127.1283342,3.6766356260000004
2021-05-24,127.099998,125.94009380000001,3.676039204
2021-05-25,126.900002,127.09486329999999,3.6724694330000003
2021-05-26,126.849998,127.33083700000002,3.6687798889999996
2021-05-27,125.279999,127.30177809999999,3.6655643139999996
2021-05-28,124.610001,125.5490645,3.6697442089999996
2021-06-01,124.279999,125.2025277,3.667187427
2021-06-02,125.059998,124.5122668,3.6640480510000004
2021-06-03,123.540001,125.29126670000001,3.66283368
2021-06-04,125.889999,124.10084850000001,3.665477907
2021-06-07,125.900002,125.85303689999999,3.6684284469999997
2021-06-08,126.739998,126.2952415,3.663611395
2021-06-09,127.129997,126.97431540000001,3.662823757
2021-06-10,126.110001,127.2124517,3.662600626
2021-06-11,127.349998,126.79078159999999,3.663833982
2021-06-14,130.479996,127.21408170000001,3.66240322
2021-06-15,129.639999,130.3097688,3.6685282060000004
2021-06-16,130.149994,130.14010420000002,3.66913772
2021-06-17,131.78999299999998,130.2235185,3.6686025939999998
2021-06-18,130.46000700000002,131.87396940000002,3.671007289
2021-06-21,132.300003,131.0772361,3.6712291589999997
2021-06-22,133.979996,131.9707367,3.67008332
2021-06-23,133.699997,134.1038282,3.667291749
2021-06-24,133.41000400000001,134.14758600000002,3.666124347
2021-06-25,133.110001,133.535502,3.666470036
2021-06-28,134.779999,133.59653649999998,3.665768988
2021-06-29,136.330002,134.737774,3.665466665
2021-06-30,136.96000700000002,136.3041933,3.6650547369999997
2021-07-01,137.270004,137.2202313,3.6639525139999995
2021-07-02,139.96000700000002,137.5088254,3.663506032
2021-07-06,142.020004,139.8638948,3.6690545510000003
2021-07-07,144.570007,141.9691774,3.673628808
2021-07-08,143.240005,144.385692,3.677499845
2021-07-09,145.110001,143.7355434,3.6775903810000004
2021-07-12,144.5,145.0807681,3.679229168
2021-07-13,145.639999,144.8013074,3.6798194810000004
2021-07-14,149.149994,145.7253936,3.673699907
2021-07-15,148.479996,148.6363814,3.679893288
2021-07-16,146.389999,149.20437090000001,3.677361201
2021-07-19,142.449997,146.8544841,3.683201562
2021-07-20,146.149994,143.4205909,3.7010061160000003
2021-07-21,145.399994,145.842141,3.7079057160000004
2021-07-22,146.800003,145.78263700000002,3.7083362510000004
2021-07-23,148.559998,146.9488313,3.699298733
2021-07-26,148.990005,148.56981230000002,3.7003150010000003
2021-07-27,146.770004,149.7457009,3.689199902
2021-07-28,144.979996,147.15093190000002,3.683503963
2021-07-29,145.639999,145.637665,3.678822471
2021-07-30,145.860001,145.7999176,3.6780024910000004
2021-08-02,145.520004,146.154896,3.6772755060000004
2021-08-03,147.360001,145.87362050000002,3.67592914
2021-08-04,146.949997,147.47445290000002,3.678061156
2021-08-05,147.059998,147.5741074,3.668533722
2021-08-06,146.139999,147.33206919999998,3.664618196
2021-08-09,146.08999599999999,146.5770363,3.666036267
2021-08-10,145.600006,146.52852119999997,3.666255174
2021-08-11,145.860001,145.8883471,3.667082812
2021-08-12,148.889999,146.21819159999998,3.665429079
2021-08-13,149.100006,148.6947855,3.672073552
2021-08-16,151.119995,149.57219550000002,3.67198182
2021-08-17,150.190002,151.0817784,3.673057208
2021-08-18,146.360001,150.71352290000002,3.673348595
2021-08-19,146.699997,147.4108733,3.6907441710000004
2021-08-20,148.190002,146.6327149,3.69111557
2021-08-23,149.71000700000002,148.4181552,3.687528574
2021-08-24,149.619995,149.7641176,3.6897882689999997
2021-08-25,148.360001,149.9461563,3.6875853430000003
2021-08-26,147.53999299999998,149.177019,3.685642876
2021-08-27,148.600006,147.9892376,3.6698511139999996
2021-08-30,153.119995,148.70861409999998,3.6703994910000004
2021-08-31,151.830002,152.6527712,3.687275361
2021-09-01,152.509995,152.5001728,3.6875756010000003
2021-09-02,153.649994,152.71422859999998,3.687332061
2021-09-03,154.300003,153.8147766,3.6848152069999998
2021-09-07,156.690002,154.6844607,3.68387983
2021-09-08,155.110001,156.242681,3.6855950219999998
2021-09-09,154.070007,155.8920378,3.67380532
2021-09-10,148.970001,154.52424630000002,3.674500562
2021-09-13,149.550003,150.07418869999998,3.70489456
2021-09-14,148.119995,149.7807747,3.704570771
2021-09-15,149.029999,148.59214169999998,3.7077910480000003
2021-09-16,148.78999299999998,149.42781090000003,3.7052142260000003
2021-09-17,146.059998,149.11823130000002,3.70090297
2021-09-20,142.940002,147.32297930000001,3.703203228
2021-09-21,143.429993,143.64927859999997,3.691181968
2021-09-22,145.850006,143.79738600000002,3.691227946
2021-09-23,146.830002,145.8306819,3.692724143
2021-09-24,146.919998,147.08271919999999,3.693776498
2021-09-27,145.369995,147.3428625,3.6927588719999997
2021-09-28,141.91000400000001,146.16453169999997,3.682072377
2021-09-29,142.830002,142.83362319999998,3.6858069660000004
2021-09-30,141.5,142.79857769999998,3.685665024
2021-10-01,142.649994,142.10847880000003,3.684357837
2021-10-04,139.139999,142.79740869999998,3.6843559480000003
2021-10-05,141.110001,140.1048178,3.696729581
2021-10-06,142.0,141.34946100000002,3.692261394
2021-10-07,143.28999299999998,142.1247727,3.6781649410000004
2021-10-08,142.899994,143.6541125,3.67958795
2021-10-11,142.809998,143.06891869999998,3.6779766130000002
2021-10-12,141.509995,143.45511919999998,3.6780408369999997
2021-10-13,140.91000400000001,141.9222603,3.667940603
2021-10-14,143.759995,141.31359609999998,3.666472822
2021-10-15,144.83999599999999,143.5032762,3.671688586
2021-10-18,146.550003,145.1393523,3.673124565
2021-10-19,148.759995,146.57927869999997,3.6747110839999997
2021-10-20,149.259995,148.75522890000002,3.679051416
